{"cameraMode":{"drawMode":0,"name":"Shaded","section":"Shading Mode"},"sceneLighting":false,"audioPlay":false,"sceneViewState":{"m_AlwaysRefresh":false,"showFog":true,"showSkybox":false,"showFlares":true,"showImageEffects":true,"showParticleSystems":true,"showVisualEffectGraphs":true,"m_FxEnabled":true},"in2DMode":false,"pivot":{"x":15.247857093811036,"y":1.6505589485168458,"z":-0.08974194526672363},"rotation":{"x":0.4605739712715149,"y":0.12818150222301484,"z":-0.06736583262681961,"w":0.8757508993148804},"size":2.253742218017578,"orthographic":false}